,fips,CODE2013
0,01001,3.0
1,01003,4.0
2,01005,6.0
3,01007,2.0
4,01009,2.0
5,01011,6.0
6,01013,6.0
7,01015,4.0
8,01017,5.0
9,01019,6.0
10,01021,2.0
11,01023,6.0
12,01025,6.0
13,01027,6.0
14,01029,6.0
15,01031,5.0
16,01033,4.0
17,01035,6.0
18,01037,5.0
19,01039,6.0
20,01041,6.0
21,01043,5.0
22,01045,5.0
23,01047,5.0
24,01049,6.0
25,01051,3.0
26,01053,6.0
27,01055,4.0
28,01057,6.0
29,01059,6.0
30,01061,4.0
31,01063,6.0
32,01065,4.0
33,01067,4.0
34,01069,4.0
35,01071,5.0
36,01073,1.0
37,01075,6.0
38,01077,4.0
39,01079,4.0
40,01081,4.0
41,01083,3.0
42,01085,3.0
43,01087,6.0
44,01089,3.0
45,01091,6.0
46,01093,6.0
47,01095,5.0
48,01097,3.0
49,01099,6.0
50,01001,3.0
51,01003,4.0
52,01005,6.0
53,01007,4.0
54,01009,5.0
55,01111,6.0
56,01113,3.0
57,01115,2.0
58,01117,2.0
59,01119,6.0
60,01121,5.0
61,01123,6.0
62,01125,4.0
63,01127,2.0
64,01129,6.0
65,01131,6.0
66,01133,6.0
67,02013,6.0
68,02016,6.0
69,02000,3.0
70,02000,6.0
71,02000,6.0
72,02068,6.0
73,02000,6.0
74,02000,4.0
75,02000,6.0
76,02005,6.0
77,02001,5.0
78,02122,6.0
79,02001,5.0
80,02001,6.0
81,02164,6.0
82,02001,3.0
83,02001,6.0
84,02185,6.0
85,02188,6.0
86,02195,6.0
87,02198,6.0
88,02001,6.0
89,02002,6.0
90,02002,6.0
91,02232,6.0
92,02002,6.0
93,02261,6.0
94,02002,6.0
95,02275,6.0
96,02002,6.0
97,02282,6.0
98,02002,6.0
99,04001,6.0
100,04003,4.0
101,04005,4.0
102,04007,5.0
103,04009,5.0
104,04011,6.0
105,04012,6.0
106,04013,1.0
107,04015,4.0
108,04017,5.0
109,04019,3.0
110,04021,2.0
111,04023,5.0
112,04025,4.0
113,04027,4.0
114,05001,6.0
115,05003,6.0
116,05005,5.0
117,05007,3.0
118,05009,5.0
119,05011,6.0
120,05013,5.0
121,05015,6.0
122,05017,6.0
123,05019,5.0
124,05021,6.0
125,05023,6.0
126,05025,4.0
127,05027,5.0
128,05029,6.0
129,05031,4.0
130,05033,3.0
131,05035,2.0
132,05037,6.0
133,05039,6.0
134,05041,6.0
135,05043,6.0
136,05045,3.0
137,05047,6.0
138,05049,6.0
139,05051,4.0
140,05053,3.0
141,05055,5.0
142,05057,6.0
143,05059,5.0
144,05061,6.0
145,05063,5.0
146,05065,6.0
147,05067,6.0
148,05069,4.0
149,05071,6.0
150,05073,6.0
151,05075,6.0
152,05077,6.0
153,05079,4.0
154,05081,4.0
155,05083,6.0
156,05085,3.0
157,05087,3.0
158,05089,6.0
159,05091,4.0
160,05093,5.0
161,05095,6.0
162,05097,6.0
163,05099,6.0
164,05001,5.0
165,05003,5.0
166,05005,3.0
167,05007,5.0
168,05009,6.0
169,05111,4.0
170,05113,6.0
171,05115,5.0
172,05117,6.0
173,05119,3.0
174,05121,6.0
175,05123,5.0
176,05125,3.0
177,05127,6.0
178,05129,6.0
179,05131,3.0
180,05133,6.0
181,05135,6.0
182,05137,6.0
183,05139,5.0
184,05141,6.0
185,05143,3.0
186,05145,5.0
187,05147,6.0
188,05149,5.0
189,06001,1.0
190,06003,6.0
191,06005,6.0
192,06007,4.0
193,06009,6.0
194,06011,6.0
195,06013,2.0
196,06015,5.0
197,06017,2.0
198,06019,3.0
199,06021,6.0
200,06023,5.0
201,06025,4.0
202,06027,6.0
203,06029,3.0
204,06031,4.0
205,06033,5.0
206,06035,5.0
207,06037,1.0
208,06039,4.0
209,06041,2.0
210,06043,6.0
211,06045,5.0
212,06047,3.0
213,06049,6.0
214,06051,6.0
215,06053,3.0
216,06055,4.0
217,06057,5.0
218,06059,1.0
219,06061,2.0
220,06063,6.0
221,06065,1.0
222,06067,1.0
223,06069,2.0
224,06071,2.0
225,06073,1.0
226,06075,1.0
227,06077,3.0
228,06079,3.0
229,06081,2.0
230,06083,3.0
231,06085,1.0
232,06087,3.0
233,06089,4.0
234,06091,6.0
235,06093,6.0
236,06095,3.0
237,06097,3.0
238,06099,3.0
239,06001,4.0
240,06003,5.0
241,06005,6.0
242,06007,3.0
243,06009,5.0
244,06111,3.0
245,06113,2.0
246,06115,4.0
247,08001,2.0
248,08003,6.0
249,08005,2.0
250,08007,6.0
251,08009,6.0
252,08011,6.0
253,08013,3.0
254,08014,2.0
255,08015,6.0
256,08017,6.0
257,08019,2.0
258,08021,6.0
259,08023,6.0
260,08025,6.0
261,08027,6.0
262,08029,6.0
263,08031,1.0
264,08033,6.0
265,08035,2.0
266,08037,5.0
267,08039,2.0
268,08041,3.0
269,08043,5.0
270,08045,5.0
271,08047,2.0
272,08049,6.0
273,08051,6.0
274,08053,6.0
275,08055,6.0
276,08057,6.0
277,08059,2.0
278,08061,6.0
279,08063,6.0
280,08065,6.0
281,08067,5.0
282,08069,3.0
283,08071,6.0
284,08073,6.0
285,08075,5.0
286,08077,4.0
287,08079,6.0
288,08081,5.0
289,08083,6.0
290,08085,5.0
291,08087,5.0
292,08089,6.0
293,08091,6.0
294,08093,2.0
295,08095,6.0
296,08097,5.0
297,08099,6.0
298,08001,4.0
299,08003,6.0
300,08005,6.0
301,08007,5.0
302,08009,6.0
303,08111,6.0
304,08113,6.0
305,08115,6.0
306,08117,5.0
307,08119,3.0
308,08121,6.0
309,08123,3.0
310,08125,6.0
311,09001,3.0
312,09003,1.0
313,09005,5.0
314,09007,2.0
315,09009,3.0
316,09011,3.0
317,09013,2.0
318,09015,3.0
319,00001,4.0
320,00003,2.0
321,00005,3.0
322,11001,1.0
323,12001,3.0
324,12003,2.0
325,12005,4.0
326,12007,6.0
327,12009,3.0
328,12011,2.0
329,12013,6.0
330,12015,4.0
331,12017,4.0
332,12019,2.0
333,12021,3.0
334,12023,5.0
335,12027,5.0
336,12029,6.0
337,12031,1.0
338,12033,3.0
339,12035,3.0
340,12037,6.0
341,12039,3.0
342,12041,3.0
343,12043,6.0
344,12045,4.0
345,12047,6.0
346,12049,5.0
347,12051,5.0
348,12053,2.0
349,12055,4.0
350,12057,1.0
351,12059,6.0
352,12061,4.0
353,12063,6.0
354,12065,3.0
355,12067,6.0
356,12069,2.0
357,12071,3.0
358,12073,3.0
359,12075,6.0
360,12077,6.0
361,12079,6.0
362,12081,3.0
363,12083,3.0
364,12085,3.0
365,12086,1.0
366,12087,5.0
367,12089,2.0
368,12091,4.0
369,12093,5.0
370,12095,1.0
371,12097,2.0
372,12099,2.0
373,12001,2.0
374,12003,1.0
375,12005,3.0
376,12007,5.0
377,12009,2.0
378,12111,3.0
379,12113,3.0
380,12115,3.0
381,12117,2.0
382,12119,4.0
383,12121,6.0
384,12123,6.0
385,12125,6.0
386,12127,3.0
387,12129,3.0
388,12131,4.0
389,12133,6.0
390,13001,6.0
391,13003,6.0
392,13005,6.0
393,13007,4.0
394,13009,5.0
395,13011,6.0
396,13013,2.0
397,13015,2.0
398,13017,5.0
399,13019,6.0
400,13021,4.0
401,13023,6.0
402,13025,4.0
403,13027,4.0
404,13029,3.0
405,13031,5.0
406,13033,3.0
407,13035,2.0
408,13037,6.0
409,13039,5.0
410,13043,6.0
411,13045,2.0
412,13047,3.0
413,13049,6.0
414,13051,3.0
415,13053,3.0
416,13055,5.0
417,13057,2.0
418,13059,4.0
419,13061,6.0
420,13063,2.0
421,13065,6.0
422,13067,2.0
423,13069,5.0
424,13071,5.0
425,13073,3.0
426,13075,6.0
427,13077,2.0
428,13079,4.0
429,13081,5.0
430,13083,3.0
431,13085,2.0
432,13087,5.0
433,13089,2.0
434,13091,6.0
435,13093,6.0
436,13095,4.0
437,13097,2.0
438,13099,6.0
439,13001,4.0
440,13003,3.0
441,13005,6.0
442,13007,6.0
443,13009,6.0
444,13111,6.0
445,13113,2.0
446,13115,4.0
447,13117,2.0
448,13119,6.0
449,13121,1.0
450,13123,6.0
451,13125,6.0
452,13127,4.0
453,13129,5.0
454,13131,6.0
455,13133,6.0
456,13135,2.0
457,13137,5.0
458,13139,4.0
459,13141,5.0
460,13143,2.0
461,13145,3.0
462,13147,6.0
463,13149,2.0
464,13151,2.0
465,13153,4.0
466,13155,6.0
467,13157,5.0
468,13159,2.0
469,13161,6.0
470,13163,6.0
471,13165,6.0
472,13167,5.0
473,13169,4.0
474,13171,2.0
475,13173,4.0
476,13175,5.0
477,13177,4.0
478,13179,4.0
479,13181,3.0
480,13183,4.0
481,13185,4.0
482,13187,6.0
483,13189,3.0
484,13191,4.0
485,13193,6.0
486,13195,4.0
487,13197,3.0
488,13199,2.0
489,13001,6.0
490,13005,6.0
491,13007,4.0
492,13009,5.0
493,13211,2.0
494,13213,4.0
495,13215,3.0
496,13217,2.0
497,13219,4.0
498,13221,4.0
499,13223,2.0
500,13225,4.0
501,13227,2.0
502,13229,5.0
503,13231,2.0
504,13233,5.0
505,13235,4.0
506,13237,6.0
507,13239,6.0
508,13241,6.0
509,13243,6.0
510,13245,3.0
511,13247,2.0
512,13249,5.0
513,13251,6.0
514,13253,6.0
515,13255,2.0
516,13257,5.0
517,13259,6.0
518,13261,5.0
519,13263,6.0
520,13265,6.0
521,13267,6.0
522,13269,6.0
523,13271,6.0
524,13273,4.0
525,13275,5.0
526,13277,5.0
527,13279,5.0
528,13281,6.0
529,13283,6.0
530,13285,5.0
531,13287,6.0
532,13289,4.0
533,13291,6.0
534,13293,5.0
535,13295,3.0
536,13297,2.0
537,13299,5.0
538,13001,6.0
539,13003,6.0
540,13005,5.0
541,13007,6.0
542,13009,6.0
543,13311,6.0
544,13313,4.0
545,13315,6.0
546,13317,6.0
547,13319,6.0
548,13321,4.0
549,15001,5.0
550,15003,3.0
551,15005,4.0
552,15007,5.0
553,15009,4.0
554,16001,3.0
555,16003,6.0
556,16005,4.0
557,16007,6.0
558,16009,6.0
559,16011,5.0
560,16013,5.0
561,16015,3.0
562,16017,5.0
563,16019,4.0
564,16021,6.0
565,16023,4.0
566,16025,5.0
567,16027,3.0
568,16029,6.0
569,16031,5.0
570,16033,6.0
571,16035,6.0
572,16037,6.0
573,16039,5.0
574,16041,4.0
575,16043,5.0
576,16045,3.0
577,16047,6.0
578,16049,6.0
579,16051,4.0
580,16053,5.0
581,16055,4.0
582,16057,5.0
583,16059,6.0
584,16061,6.0
585,16063,5.0
586,16065,5.0
587,16067,5.0
588,16069,4.0
589,16071,6.0
590,16073,3.0
591,16075,5.0
592,16077,6.0
593,16079,6.0
594,16081,5.0
595,16083,5.0
596,16085,6.0
597,16087,6.0
598,17001,5.0
599,17003,4.0
600,17005,2.0
601,17007,3.0
602,17009,6.0
603,17011,5.0
604,17013,2.0
605,17015,6.0
606,17017,6.0
607,17019,4.0
608,17021,5.0
609,17023,6.0
610,17025,6.0
611,17027,2.0
612,17029,5.0
613,17031,1.0
614,17033,6.0
615,17035,5.0
616,17037,2.0
617,17039,4.0
618,17041,6.0
619,17043,2.0
620,17045,6.0
621,17047,6.0
622,17049,5.0
623,17051,6.0
624,17053,4.0
625,17055,6.0
626,17057,5.0
627,17059,6.0
628,17061,6.0
629,17063,2.0
630,17065,6.0
631,17067,5.0
632,17069,6.0
633,17071,5.0
634,17073,3.0
635,17075,6.0
636,17077,4.0
637,17079,6.0
638,17081,5.0
639,17083,2.0
640,17085,6.0
641,17087,6.0
642,17089,2.0
643,17091,4.0
644,17093,2.0
645,17095,5.0
646,17097,2.0
647,17099,5.0
648,17001,6.0
649,17003,5.0
650,17005,5.0
651,17007,5.0
652,17009,5.0
653,17111,2.0
654,17113,4.0
655,17115,4.0
656,17117,2.0
657,17119,2.0
658,17121,5.0
659,17123,3.0
660,17125,6.0
661,17127,5.0
662,17129,4.0
663,17131,3.0
664,17133,2.0
665,17135,6.0
666,17137,5.0
667,17139,6.0
668,17141,5.0
669,17143,3.0
670,17145,6.0
671,17147,4.0
672,17149,6.0
673,17151,6.0
674,17153,6.0
675,17155,5.0
676,17157,6.0
677,17159,6.0
678,17161,3.0
679,17163,2.0
680,17165,6.0
681,17167,4.0
682,17169,6.0
683,17171,5.0
684,17173,6.0
685,17175,3.0
686,17177,5.0
687,17179,3.0
688,17181,6.0
689,17183,4.0
690,17185,6.0
691,17187,6.0
692,17189,6.0
693,17191,6.0
694,17193,6.0
695,17195,5.0
696,17197,2.0
697,17199,4.0
698,17001,3.0
699,17003,3.0
700,18001,5.0
701,18003,3.0
702,18005,4.0
703,18007,4.0
704,18009,6.0
705,18011,2.0
706,18013,2.0
707,18015,4.0
708,18017,5.0
709,18019,2.0
710,18021,4.0
711,18023,5.0
712,18025,6.0
713,18027,5.0
714,18029,2.0
715,18031,5.0
716,18033,5.0
717,18035,4.0
718,18037,5.0
719,18039,4.0
720,18041,5.0
721,18043,2.0
722,18045,6.0
723,18047,6.0
724,18049,6.0
725,18051,6.0
726,18053,5.0
727,18055,6.0
728,18057,2.0
729,18059,2.0
730,18061,2.0
731,18063,2.0
732,18065,5.0
733,18067,4.0
734,18069,5.0
735,18071,5.0
736,18073,2.0
737,18075,6.0
738,18077,5.0
739,18079,5.0
740,18081,2.0
741,18083,5.0
742,18085,5.0
743,18087,6.0
744,18089,2.0
745,18091,4.0
746,18093,5.0
747,18095,2.0
748,18097,1.0
749,18099,5.0
750,18001,6.0
751,18003,5.0
752,18005,4.0
753,18007,5.0
754,18009,2.0
755,18111,2.0
756,18113,5.0
757,18115,2.0
758,18117,6.0
759,18119,4.0
760,18121,6.0
761,18123,6.0
762,18125,5.0
763,18127,2.0
764,18129,3.0
765,18131,6.0
766,18133,2.0
767,18135,6.0
768,18137,6.0
769,18139,6.0
770,18141,3.0
771,18143,2.0
772,18145,2.0
773,18147,6.0
774,18149,6.0
775,18151,5.0
776,18153,4.0
777,18155,6.0
778,18157,4.0
779,18159,6.0
780,18161,2.0
781,18163,3.0
782,18165,4.0
783,18167,4.0
784,18169,5.0
785,18171,6.0
786,18173,3.0
787,18175,2.0
788,18177,5.0
789,18179,3.0
790,18181,6.0
791,18183,3.0
792,19001,6.0
793,19003,6.0
794,19005,6.0
795,19007,6.0
796,19009,6.0
797,19011,3.0
798,19013,4.0
799,19015,5.0
800,19017,4.0
801,19019,6.0
802,19021,5.0
803,19023,6.0
804,19025,6.0
805,19027,6.0
806,19029,6.0
807,19031,6.0
808,19033,5.0
809,19035,6.0
810,19037,6.0
811,19039,6.0
812,19041,5.0
813,19043,6.0
814,19045,5.0
815,19047,6.0
816,19049,3.0
817,19051,5.0
818,19053,6.0
819,19055,6.0
820,19057,5.0
821,19059,5.0
822,19061,4.0
823,19063,6.0
824,19065,6.0
825,19067,6.0
826,19069,6.0
827,19071,6.0
828,19073,6.0
829,19075,4.0
830,19077,3.0
831,19079,6.0
832,19081,6.0
833,19083,6.0
834,19085,3.0
835,19087,6.0
836,19089,6.0
837,19091,6.0
838,19093,6.0
839,19095,6.0
840,19097,6.0
841,19099,5.0
842,19001,5.0
843,19003,4.0
844,19005,3.0
845,19007,6.0
846,19009,6.0
847,19111,5.0
848,19113,3.0
849,19115,6.0
850,19117,6.0
851,19119,6.0
852,19121,3.0
853,19123,5.0
854,19125,6.0
855,19127,5.0
856,19129,3.0
857,19131,6.0
858,19133,6.0
859,19135,6.0
860,19137,6.0
861,19139,5.0
862,19141,6.0
863,19143,6.0
864,19145,6.0
865,19147,6.0
866,19149,4.0
867,19151,6.0
868,19153,3.0
869,19155,3.0
870,19157,6.0
871,19159,6.0
872,19161,6.0
873,19163,3.0
874,19165,6.0
875,19167,6.0
876,19169,4.0
877,19171,6.0
878,19173,6.0
879,19175,6.0
880,19177,6.0
881,19179,5.0
882,19181,3.0
883,19183,4.0
884,19185,6.0
885,19187,5.0
886,19189,6.0
887,19191,6.0
888,19193,4.0
889,19195,5.0
890,19197,6.0
891,00001,6.0
892,00003,6.0
893,00005,5.0
894,00007,6.0
895,00009,5.0
896,00011,6.0
897,00013,6.0
898,00015,3.0
899,00017,6.0
900,00019,6.0
901,00021,6.0
902,00023,6.0
903,00025,6.0
904,00027,6.0
905,00029,6.0
906,00031,6.0
907,00033,6.0
908,00035,5.0
909,00037,5.0
910,00039,6.0
911,00041,6.0
912,00043,4.0
913,00045,4.0
914,00047,6.0
915,00049,6.0
916,00051,5.0
917,00053,6.0
918,00055,5.0
919,00057,5.0
920,00059,5.0
921,00061,5.0
922,00063,6.0
923,00065,6.0
924,00067,6.0
925,00069,6.0
926,00071,6.0
927,00073,6.0
928,00075,6.0
929,00077,6.0
930,00079,3.0
931,00081,6.0
932,00083,6.0
933,00085,4.0
934,00087,4.0
935,00089,6.0
936,00091,2.0
937,00093,5.0
938,00095,3.0
939,00097,6.0
940,00099,5.0
941,00001,6.0
942,00003,2.0
943,00005,6.0
944,00007,2.0
945,00009,6.0
946,00111,5.0
947,00113,5.0
948,00115,6.0
949,00117,6.0
950,00119,6.0
951,00121,2.0
952,00123,6.0
953,00125,5.0
954,00127,6.0
955,00129,6.0
956,00131,6.0
957,00133,6.0
958,00135,6.0
959,00137,6.0
960,00139,4.0
961,00141,6.0
962,00143,5.0
963,00145,6.0
964,00147,6.0
965,00149,4.0
966,00151,6.0
967,00153,6.0
968,00155,5.0
969,00157,6.0
970,00159,6.0
971,00161,4.0
972,00163,6.0
973,00165,6.0
974,00167,6.0
975,00169,5.0
976,00171,6.0
977,00173,3.0
978,00175,5.0
979,00177,4.0
980,00179,6.0
981,00181,6.0
982,00183,6.0
983,00185,6.0
984,00187,6.0
985,00189,6.0
986,00191,3.0
987,00193,6.0
988,00195,6.0
989,00197,4.0
990,00199,6.0
991,00001,6.0
992,00003,6.0
993,00005,6.0
994,00007,6.0
995,00009,2.0
996,21001,6.0
997,21003,4.0
998,21005,5.0
999,21007,5.0
1000,21009,5.0
1001,21011,5.0
1002,21013,5.0
1003,21015,2.0
1004,21017,3.0
1005,21019,3.0
1006,21021,5.0
1007,21023,2.0
1008,21025,6.0
1009,21027,6.0
1010,21029,2.0
1011,21031,4.0
1012,21033,6.0
1013,21035,5.0
1014,21037,2.0
1015,21039,6.0
1016,21041,6.0
1017,21043,6.0
1018,21045,6.0
1019,21047,3.0
1020,21049,3.0
1021,21051,6.0
1022,21053,6.0
1023,21055,6.0
1024,21057,6.0
1025,21059,4.0
1026,21061,4.0
1027,21063,6.0
1028,21065,6.0
1029,21067,3.0
1030,21069,6.0
1031,21071,6.0
1032,21073,5.0
1033,21075,5.0
1034,21077,2.0
1035,21079,6.0
1036,21081,2.0
1037,21083,5.0
1038,21085,6.0
1039,21087,6.0
1040,21089,3.0
1041,21091,4.0
1042,21093,4.0
1043,21095,6.0
1044,21097,6.0
1045,21099,6.0
1046,21001,3.0
1047,21003,2.0
1048,21005,6.0
1049,21007,5.0
1050,21009,6.0
1051,21111,1.0
1052,21113,3.0
1053,21115,6.0
1054,21117,2.0
1055,21119,6.0
1056,21121,5.0
1057,21123,4.0
1058,21125,5.0
1059,21127,6.0
1060,21129,6.0
1061,21131,6.0
1062,21133,6.0
1063,21135,6.0
1064,21137,5.0
1065,21139,5.0
1066,21141,6.0
1067,21143,6.0
1068,21145,5.0
1069,21147,6.0
1070,21149,4.0
1071,21151,5.0
1072,21153,6.0
1073,21155,6.0
1074,21157,6.0
1075,21159,6.0
1076,21161,5.0
1077,21163,4.0
1078,21165,5.0
1079,21167,6.0
1080,21169,5.0
1081,21171,6.0
1082,21173,5.0
1083,21175,6.0
1084,21177,6.0
1085,21179,5.0
1086,21181,6.0
1087,21183,6.0
1088,21185,2.0
1089,21187,6.0
1090,21189,6.0
1091,21191,2.0
1092,21193,6.0
1093,21195,6.0
1094,21197,6.0
1095,21199,5.0
1096,21001,6.0
1097,21003,5.0
1098,21005,6.0
1099,21007,6.0
1100,21009,3.0
1101,21211,2.0
1102,21213,6.0
1103,21215,2.0
1104,21217,5.0
1105,21219,6.0
1106,21221,3.0
1107,21223,2.0
1108,21225,6.0
1109,21227,4.0
1110,21229,6.0
1111,21231,6.0
1112,21233,6.0
1113,21235,5.0
1114,21237,6.0
1115,21239,3.0
1116,22001,3.0
1117,22003,6.0
1118,22005,3.0
1119,22007,6.0
1120,22009,6.0
1121,22011,5.0
1122,22013,6.0
1123,22015,3.0
1124,22017,3.0
1125,22019,4.0
1126,22021,6.0
1127,22023,4.0
1128,22025,6.0
1129,22027,6.0
1130,22029,5.0
1131,22031,3.0
1132,22033,3.0
1133,22035,6.0
1134,22037,3.0
1135,22039,6.0
1136,22041,6.0
1137,22043,4.0
1138,22045,3.0
1139,22047,3.0
1140,22049,6.0
1141,22051,2.0
1142,22053,6.0
1143,22055,3.0
1144,22057,4.0
1145,22059,6.0
1146,22061,5.0
1147,22063,3.0
1148,22065,6.0
1149,22067,5.0
1150,22069,5.0
1151,22071,1.0
1152,22073,4.0
1153,22075,2.0
1154,22077,3.0
1155,22079,4.0
1156,22081,6.0
1157,22083,6.0
1158,22085,6.0
1159,22087,2.0
1160,22089,2.0
1161,22091,3.0
1162,22093,2.0
1163,22095,2.0
1164,22097,5.0
1165,22099,3.0
1166,22001,5.0
1167,22003,2.0
1168,22005,4.0
1169,22007,6.0
1170,22009,4.0
1171,22111,4.0
1172,22113,3.0
1173,22115,5.0
1174,22117,5.0
1175,22119,3.0
1176,22121,3.0
1177,22123,6.0
1178,22125,3.0
1179,22127,6.0
1180,23001,4.0
1181,23003,6.0
1182,23005,3.0
1183,23007,6.0
1184,23009,6.0
1185,23011,5.0
1186,23013,6.0
1187,23015,6.0
1188,23017,6.0
1189,23019,4.0
1190,23021,6.0
1191,23023,3.0
1192,23025,6.0
1193,23027,6.0
1194,23029,6.0
1195,23031,3.0
1196,24001,4.0
1197,24003,2.0
1198,24005,2.0
1199,24009,2.0
1200,24011,6.0
1201,24013,2.0
1202,24015,2.0
1203,24017,2.0
1204,24019,5.0
1205,24021,2.0
1206,24023,6.0
1207,24025,2.0
1208,24027,2.0
1209,24029,6.0
1210,24031,2.0
1211,24033,2.0
1212,24035,2.0
1213,24037,4.0
1214,24039,3.0
1215,24041,5.0
1216,24043,3.0
1217,24045,3.0
1218,24047,3.0
1219,24005,1.0
1220,25001,4.0
1221,25003,4.0
1222,25005,2.0
1223,25007,5.0
1224,25009,2.0
1225,25011,5.0
1226,25013,3.0
1227,25015,3.0
1228,25017,2.0
1229,25019,6.0
1230,25021,2.0
1231,25023,2.0
1232,25025,1.0
1233,25027,3.0
1234,26001,6.0
1235,26003,6.0
1236,26005,5.0
1237,26007,5.0
1238,26009,6.0
1239,26011,6.0
1240,26013,6.0
1241,26015,2.0
1242,26017,4.0
1243,26019,5.0
1244,26021,4.0
1245,26023,5.0
1246,26025,4.0
1247,26027,3.0
1248,26029,6.0
1249,26031,6.0
1250,26033,5.0
1251,26035,6.0
1252,26037,3.0
1253,26039,6.0
1254,26041,5.0
1255,26043,5.0
1256,26045,3.0
1257,26047,6.0
1258,26049,3.0
1259,26051,6.0
1260,26053,6.0
1261,26055,5.0
1262,26057,5.0
1263,26059,5.0
1264,26061,5.0
1265,26063,6.0
1266,26065,3.0
1267,26067,5.0
1268,26069,6.0
1269,26071,6.0
1270,26073,5.0
1271,26075,4.0
1272,26077,3.0
1273,26079,5.0
1274,26081,1.0
1275,26083,5.0
1276,26085,6.0
1277,26087,2.0
1278,26089,5.0
1279,26091,5.0
1280,26093,2.0
1281,26095,6.0
1282,26097,6.0
1283,26099,2.0
1284,26001,6.0
1285,26003,5.0
1286,26005,5.0
1287,26007,5.0
1288,26009,5.0
1289,26111,4.0
1290,26113,5.0
1291,26115,4.0
1292,26117,2.0
1293,26119,6.0
1294,26121,4.0
1295,26123,6.0
1296,26125,2.0
1297,26127,6.0
1298,26129,6.0
1299,26131,6.0
1300,26133,6.0
1301,26135,6.0
1302,26137,6.0
1303,26139,2.0
1304,26141,6.0
1305,26143,6.0
1306,26145,4.0
1307,26147,2.0
1308,26149,5.0
1309,26151,6.0
1310,26153,6.0
1311,26155,5.0
1312,26157,6.0
1313,26159,3.0
1314,26161,3.0
1315,26163,1.0
1316,26165,5.0
1317,27001,6.0
1318,27003,2.0
1319,27005,6.0
1320,27007,5.0
1321,27009,4.0
1322,27011,6.0
1323,27013,4.0
1324,27015,5.0
1325,27017,3.0
1326,27019,2.0
1327,27021,5.0
1328,27023,6.0
1329,27025,2.0
1330,27027,4.0
1331,27029,6.0
1332,27031,6.0
1333,27033,6.0
1334,27035,5.0
1335,27037,2.0
1336,27039,4.0
1337,27041,5.0
1338,27043,6.0
1339,27045,4.0
1340,27047,5.0
1341,27049,5.0
1342,27051,6.0
1343,27053,1.0
1344,27055,4.0
1345,27057,6.0
1346,27059,2.0
1347,27061,6.0
1348,27063,6.0
1349,27065,6.0
1350,27067,5.0
1351,27069,6.0
1352,27071,6.0
1353,27073,6.0
1354,27075,6.0
1355,27077,6.0
1356,27079,2.0
1357,27081,6.0
1358,27083,5.0
1359,27085,5.0
1360,27087,6.0
1361,27089,6.0
1362,27091,6.0
1363,27093,6.0
1364,27095,2.0
1365,27097,6.0
1366,27099,5.0
1367,27001,6.0
1368,27003,4.0
1369,27005,5.0
1370,27007,6.0
1371,27009,4.0
1372,27111,5.0
1373,27113,6.0
1374,27115,6.0
1375,27117,6.0
1376,27119,4.0
1377,27121,6.0
1378,27123,1.0
1379,27125,6.0
1380,27127,6.0
1381,27129,6.0
1382,27131,5.0
1383,27133,6.0
1384,27135,6.0
1385,27137,3.0
1386,27139,2.0
1387,27141,2.0
1388,27143,2.0
1389,27145,4.0
1390,27147,5.0
1391,27149,6.0
1392,27151,6.0
1393,27153,6.0
1394,27155,6.0
1395,27157,4.0
1396,27159,6.0
1397,27161,6.0
1398,27163,2.0
1399,27165,6.0
1400,27167,5.0
1401,27169,5.0
1402,27171,2.0
1403,27173,6.0
1404,28001,5.0
1405,28003,5.0
1406,28005,5.0
1407,28007,6.0
1408,28009,2.0
1409,28011,5.0
1410,28013,6.0
1411,28015,5.0
1412,28017,6.0
1413,28019,6.0
1414,28021,5.0
1415,28023,5.0
1416,28025,6.0
1417,28027,5.0
1418,28029,3.0
1419,28031,6.0
1420,28033,2.0
1421,28035,4.0
1422,28037,6.0
1423,28039,6.0
1424,28041,6.0
1425,28043,5.0
1426,28045,3.0
1427,28047,3.0
1428,28049,3.0
1429,28051,6.0
1430,28053,6.0
1431,28055,6.0
1432,28057,5.0
1433,28059,3.0
1434,28061,5.0
1435,28063,6.0
1436,28065,6.0
1437,28067,5.0
1438,28069,5.0
1439,28071,5.0
1440,28073,4.0
1441,28075,5.0
1442,28077,6.0
1443,28079,6.0
1444,28081,5.0
1445,28083,5.0
1446,28085,5.0
1447,28087,5.0
1448,28089,3.0
1449,28091,6.0
1450,28093,2.0
1451,28095,6.0
1452,28097,6.0
1453,28099,6.0
1454,28001,6.0
1455,28003,6.0
1456,28005,5.0
1457,28007,6.0
1458,28009,5.0
1459,28111,4.0
1460,28113,5.0
1461,28115,5.0
1462,28117,6.0
1463,28119,6.0
1464,28121,3.0
1465,28123,6.0
1466,28125,6.0
1467,28127,3.0
1468,28129,6.0
1469,28131,6.0
1470,28133,5.0
1471,28135,6.0
1472,28137,2.0
1473,28139,6.0
1474,28141,6.0
1475,28143,2.0
1476,28145,6.0
1477,28147,6.0
1478,28149,5.0
1479,28151,5.0
1480,28153,6.0
1481,28155,6.0
1482,28157,6.0
1483,28159,6.0
1484,28161,6.0
1485,28163,3.0
1486,29001,5.0
1487,29003,4.0
1488,29005,6.0
1489,29007,5.0
1490,29009,6.0
1491,29011,6.0
1492,29013,2.0
1493,29015,6.0
1494,29017,4.0
1495,29019,4.0
1496,29021,4.0
1497,29023,5.0
1498,29025,2.0
1499,29027,4.0
1500,29029,6.0
1501,29031,4.0
1502,29033,6.0
1503,29035,6.0
1504,29037,2.0
1505,29039,6.0
1506,29041,6.0
1507,29043,3.0
1508,29045,5.0
1509,29047,2.0
1510,29049,2.0
1511,29051,4.0
1512,29053,6.0
1513,29055,6.0
1514,29057,6.0
1515,29059,3.0
1516,29061,6.0
1517,29063,4.0
1518,29065,6.0
1519,29067,6.0
1520,29069,5.0
1521,29071,2.0
1522,29073,6.0
1523,29075,6.0
1524,29077,3.0
1525,29079,6.0
1526,29081,6.0
1527,29083,6.0
1528,29085,6.0
1529,29087,6.0
1530,29089,6.0
1531,29091,5.0
1532,29093,6.0
1533,29095,1.0
1534,29097,4.0
1535,29099,2.0
1536,29001,5.0
1537,29003,6.0
1538,29005,5.0
1539,29007,2.0
1540,29009,6.0
1541,29111,5.0
1542,29113,2.0
1543,29115,6.0
1544,29117,6.0
1545,29119,3.0
1546,29121,6.0
1547,29123,6.0
1548,29125,6.0
1549,29127,5.0
1550,29129,6.0
1551,29131,6.0
1552,29133,6.0
1553,29135,4.0
1554,29137,6.0
1555,29139,6.0
1556,29141,6.0
1557,29143,6.0
1558,29145,4.0
1559,29147,5.0
1560,29149,6.0
1561,29151,4.0
1562,29153,6.0
1563,29155,6.0
1564,29157,6.0
1565,29159,5.0
1566,29161,5.0
1567,29163,6.0
1568,29165,2.0
1569,29167,3.0
1570,29169,5.0
1571,29171,6.0
1572,29173,5.0
1573,29175,5.0
1574,29177,2.0
1575,29179,6.0
1576,29181,6.0
1577,29183,2.0
1578,29185,6.0
1579,29186,6.0
1580,29187,5.0
1581,29189,2.0
1582,29195,5.0
1583,29197,5.0
1584,29199,6.0
1585,29001,5.0
1586,29003,6.0
1587,29005,6.0
1588,29007,6.0
1589,29009,5.0
1590,29211,6.0
1591,29213,5.0
1592,29215,6.0
1593,29217,6.0
1594,29219,2.0
1595,29221,6.0
1596,29223,6.0
1597,29225,3.0
1598,29227,6.0
1599,29229,6.0
1600,29005,1.0
1601,00001,6.0
1602,00003,6.0
1603,00005,6.0
1604,00007,6.0
1605,00009,4.0
1606,00011,6.0
1607,00013,4.0
1608,00015,6.0
1609,00017,6.0
1610,00019,6.0
1611,00021,6.0
1612,00023,6.0
1613,00025,6.0
1614,00027,6.0
1615,00029,5.0
1616,00031,5.0
1617,00033,6.0
1618,00035,6.0
1619,00037,4.0
1620,00039,6.0
1621,00041,6.0
1622,00043,5.0
1623,00045,6.0
1624,00047,6.0
1625,00049,5.0
1626,00051,6.0
1627,00053,6.0
1628,00055,6.0
1629,00057,6.0
1630,00059,6.0
1631,00061,6.0
1632,00063,4.0
1633,00065,6.0
1634,00067,6.0
1635,00069,6.0
1636,00071,6.0
1637,00073,6.0
1638,00075,6.0
1639,00077,6.0
1640,00079,6.0
1641,00081,6.0
1642,00083,6.0
1643,00085,6.0
1644,00087,6.0
1645,00089,6.0
1646,00091,6.0
1647,00093,5.0
1648,00095,6.0
1649,00097,6.0
1650,00099,6.0
1651,00001,6.0
1652,00003,6.0
1653,00005,6.0
1654,00007,6.0
1655,00009,6.0
1656,00111,4.0
1657,31001,5.0
1658,31003,6.0
1659,31005,6.0
1660,31007,5.0
1661,31009,6.0
1662,31011,6.0
1663,31013,6.0
1664,31015,6.0
1665,31017,6.0
1666,31019,5.0
1667,31021,6.0
1668,31023,6.0
1669,31025,3.0
1670,31027,6.0
1671,31029,6.0
1672,31031,6.0
1673,31033,6.0
1674,31035,6.0
1675,31037,6.0
1676,31039,6.0
1677,31041,6.0
1678,31043,4.0
1679,31045,6.0
1680,31047,5.0
1681,31049,6.0
1682,31051,4.0
1683,31053,5.0
1684,31055,3.0
1685,31057,6.0
1686,31059,6.0
1687,31061,6.0
1688,31063,6.0
1689,31065,6.0
1690,31067,5.0
1691,31069,6.0
1692,31071,6.0
1693,31073,5.0
1694,31075,6.0
1695,31077,6.0
1696,31079,4.0
1697,31081,4.0
1698,31083,6.0
1699,31085,6.0
1700,31087,6.0
1701,31089,6.0
1702,31091,6.0
1703,31093,4.0
1704,31095,6.0
1705,31097,6.0
1706,31099,5.0
1707,31001,6.0
1708,31003,6.0
1709,31005,6.0
1710,31007,6.0
1711,31009,3.0
1712,31111,5.0
1713,31113,5.0
1714,31115,6.0
1715,31117,5.0
1716,31119,5.0
1717,31121,4.0
1718,31123,6.0
1719,31125,6.0
1720,31127,6.0
1721,31129,6.0
1722,31131,6.0
1723,31133,6.0
1724,31135,6.0
1725,31137,6.0
1726,31139,5.0
1727,31141,5.0
1728,31143,6.0
1729,31145,6.0
1730,31147,6.0
1731,31149,6.0
1732,31151,6.0
1733,31153,3.0
1734,31155,3.0
1735,31157,5.0
1736,31159,3.0
1737,31161,6.0
1738,31163,6.0
1739,31165,5.0
1740,31167,5.0
1741,31169,6.0
1742,31171,6.0
1743,31173,6.0
1744,31175,6.0
1745,31177,3.0
1746,31179,6.0
1747,31181,6.0
1748,31183,6.0
1749,31185,6.0
1750,32001,5.0
1751,32003,1.0
1752,32005,5.0
1753,32007,5.0
1754,32009,6.0
1755,32011,5.0
1756,32013,5.0
1757,32015,6.0
1758,32017,6.0
1759,32019,5.0
1760,32021,6.0
1761,32023,5.0
1762,32027,6.0
1763,32029,3.0
1764,32031,3.0
1765,32033,6.0
1766,32005,4.0
1767,33001,5.0
1768,33003,6.0
1769,33005,5.0
1770,33007,5.0
1771,33009,5.0
1772,33011,3.0
1773,33013,5.0
1774,33015,2.0
1775,33017,2.0
1776,33019,5.0
1777,34001,3.0
1778,34003,2.0
1779,34005,2.0
1780,34007,2.0
1781,34009,4.0
1782,34011,4.0
1783,34013,1.0
1784,34015,2.0
1785,34017,1.0
1786,34019,2.0
1787,34021,3.0
1788,34023,2.0
1789,34025,2.0
1790,34027,2.0
1791,34029,2.0
1792,34031,2.0
1793,34033,2.0
1794,34035,2.0
1795,34037,2.0
1796,34039,1.0
1797,34041,3.0
1798,35001,3.0
1799,35003,6.0
1800,35005,5.0
1801,35006,5.0
1802,35007,6.0
1803,35009,5.0
1804,35011,6.0
1805,35013,4.0
1806,35015,5.0
1807,35017,5.0
1808,35019,6.0
1809,35021,6.0
1810,35023,6.0
1811,35025,5.0
1812,35027,6.0
1813,35028,5.0
1814,35029,5.0
1815,35031,5.0
1816,35033,6.0
1817,35035,5.0
1818,35037,6.0
1819,35039,5.0
1820,35041,5.0
1821,35043,3.0
1822,35045,4.0
1823,35047,5.0
1824,35049,4.0
1825,35051,6.0
1826,35053,6.0
1827,35055,5.0
1828,35057,3.0
1829,35059,6.0
1830,35061,3.0
1831,36001,3.0
1832,36003,6.0
1833,36005,1.0
1834,36007,4.0
1835,36009,5.0
1836,36011,5.0
1837,36013,5.0
1838,36015,4.0
1839,36017,6.0
1840,36019,5.0
1841,36021,5.0
1842,36023,5.0
1843,36025,6.0
1844,36027,2.0
1845,36029,1.0
1846,36031,6.0
1847,36033,5.0
1848,36035,5.0
1849,36037,5.0
1850,36039,6.0
1851,36041,6.0
1852,36043,3.0
1853,36045,4.0
1854,36047,1.0
1855,36049,6.0
1856,36051,2.0
1857,36053,3.0
1858,36055,1.0
1859,36057,5.0
1860,36059,2.0
1861,36061,1.0
1862,36063,2.0
1863,36065,3.0
1864,36067,3.0
1865,36069,2.0
1866,36071,2.0
1867,36073,2.0
1868,36075,3.0
1869,36077,5.0
1870,36079,2.0
1871,36081,1.0
1872,36083,3.0
1873,36085,1.0
1874,36087,2.0
1875,36089,5.0
1876,36091,3.0
1877,36093,3.0
1878,36095,3.0
1879,36097,6.0
1880,36099,5.0
1881,36001,5.0
1882,36003,2.0
1883,36005,6.0
1884,36007,4.0
1885,36009,4.0
1886,36111,4.0
1887,36113,4.0
1888,36115,4.0
1889,36117,2.0
1890,36119,2.0
1891,36121,6.0
1892,36123,2.0
1893,37001,4.0
1894,37003,3.0
1895,37005,6.0
1896,37007,6.0
1897,37009,6.0
1898,37011,6.0
1899,37013,5.0
1900,37015,6.0
1901,37017,6.0
1902,37019,3.0
1903,37021,3.0
1904,37023,3.0
1905,37025,2.0
1906,37027,3.0
1907,37029,5.0
1908,37031,5.0
1909,37033,6.0
1910,37035,3.0
1911,37037,3.0
1912,37039,6.0
1913,37041,6.0
1914,37043,6.0
1915,37045,5.0
1916,37047,6.0
1917,37049,4.0
1918,37051,3.0
1919,37053,2.0
1920,37055,5.0
1921,37057,3.0
1922,37059,3.0
1923,37061,6.0
1924,37063,3.0
1925,37065,4.0
1926,37067,3.0
1927,37069,2.0
1928,37071,2.0
1929,37073,2.0
1930,37075,6.0
1931,37077,5.0
1932,37079,6.0
1933,37081,3.0
1934,37083,5.0
1935,37085,5.0
1936,37087,3.0
1937,37089,3.0
1938,37091,6.0
1939,37093,3.0
1940,37095,6.0
1941,37097,2.0
1942,37099,5.0
1943,37001,2.0
1944,37003,4.0
1945,37005,5.0
1946,37007,5.0
1947,37009,2.0
1948,37111,5.0
1949,37113,6.0
1950,37115,3.0
1951,37117,6.0
1952,37119,1.0
1953,37121,6.0
1954,37123,6.0
1955,37125,5.0
1956,37127,4.0
1957,37129,3.0
1958,37131,5.0
1959,37133,4.0
1960,37135,3.0
1961,37137,4.0
1962,37139,5.0
1963,37141,3.0
1964,37143,5.0
1965,37145,3.0
1966,37147,4.0
1967,37149,6.0
1968,37151,3.0
1969,37153,5.0
1970,37155,5.0
1971,37157,3.0
1972,37159,2.0
1973,37161,5.0
1974,37163,6.0
1975,37165,5.0
1976,37167,5.0
1977,37169,3.0
1978,37171,5.0
1979,37173,6.0
1980,37175,5.0
1981,37177,5.0
1982,37179,2.0
1983,37181,5.0
1984,37183,1.0
1985,37185,6.0
1986,37187,6.0
1987,37189,5.0
1988,37191,4.0
1989,37193,5.0
1990,37195,5.0
1991,37197,3.0
1992,37199,6.0
1993,38001,6.0
1994,38003,6.0
1995,38005,6.0
1996,38007,6.0
1997,38009,6.0
1998,38011,6.0
1999,38013,6.0
2000,38015,4.0
2001,38017,4.0
2002,38019,6.0
2003,38021,6.0
2004,38023,6.0
2005,38025,6.0
2006,38027,6.0
2007,38029,6.0
2008,38031,6.0
2009,38033,6.0
2010,38035,4.0
2011,38037,6.0
2012,38039,6.0
2013,38041,6.0
2014,38043,6.0
2015,38045,6.0
2016,38047,6.0
2017,38049,5.0
2018,38051,6.0
2019,38053,6.0
2020,38055,6.0
2021,38057,6.0
2022,38059,4.0
2023,38061,6.0
2024,38063,6.0
2025,38065,4.0
2026,38067,6.0
2027,38069,6.0
2028,38071,6.0
2029,38073,6.0
2030,38075,5.0
2031,38077,5.0
2032,38079,6.0
2033,38081,6.0
2034,38083,6.0
2035,38085,4.0
2036,38087,6.0
2037,38089,5.0
2038,38091,6.0
2039,38093,5.0
2040,38095,6.0
2041,38097,6.0
2042,38099,6.0
2043,38001,5.0
2044,38003,6.0
2045,38005,5.0
2046,39001,6.0
2047,39003,4.0
2048,39005,5.0
2049,39007,5.0
2050,39009,5.0
2051,39011,5.0
2052,39013,4.0
2053,39015,2.0
2054,39017,2.0
2055,39019,3.0
2056,39021,5.0
2057,39023,4.0
2058,39025,2.0
2059,39027,5.0
2060,39029,5.0
2061,39031,5.0
2062,39033,5.0
2063,39035,1.0
2064,39037,5.0
2065,39039,5.0
2066,39041,2.0
2067,39043,5.0
2068,39045,2.0
2069,39047,5.0
2070,39049,1.0
2071,39051,3.0
2072,39053,5.0
2073,39055,2.0
2074,39057,3.0
2075,39059,5.0
2076,39061,1.0
2077,39063,5.0
2078,39065,6.0
2079,39067,6.0
2080,39069,6.0
2081,39071,6.0
2082,39073,2.0
2083,39075,6.0
2084,39077,5.0
2085,39079,5.0
2086,39081,4.0
2087,39083,5.0
2088,39085,2.0
2089,39087,3.0
2090,39089,2.0
2091,39091,5.0
2092,39093,2.0
2093,39095,3.0
2094,39097,2.0
2095,39099,3.0
2096,39001,5.0
2097,39003,2.0
2098,39005,6.0
2099,39007,5.0
2100,39009,3.0
2101,39111,6.0
2102,39113,3.0
2103,39115,6.0
2104,39117,2.0
2105,39119,5.0
2106,39121,6.0
2107,39123,5.0
2108,39125,6.0
2109,39127,2.0
2110,39129,2.0
2111,39131,6.0
2112,39133,3.0
2113,39135,6.0
2114,39137,6.0
2115,39139,4.0
2116,39141,5.0
2117,39143,5.0
2118,39145,5.0
2119,39147,5.0
2120,39149,5.0
2121,39151,3.0
2122,39153,3.0
2123,39155,3.0
2124,39157,5.0
2125,39159,2.0
2126,39161,5.0
2127,39163,6.0
2128,39165,2.0
2129,39167,5.0
2130,39169,5.0
2131,39171,6.0
2132,39173,3.0
2133,39175,6.0
2134,00001,6.0
2135,00003,6.0
2136,00005,6.0
2137,00007,6.0
2138,00009,5.0
2139,00011,6.0
2140,00013,5.0
2141,00015,6.0
2142,00017,2.0
2143,00019,5.0
2144,00021,5.0
2145,00023,6.0
2146,00025,6.0
2147,00027,2.0
2148,00029,6.0
2149,00031,4.0
2150,00033,4.0
2151,00035,6.0
2152,00037,3.0
2153,00039,5.0
2154,00041,6.0
2155,00043,6.0
2156,00045,6.0
2157,00047,5.0
2158,00049,6.0
2159,00051,2.0
2160,00053,6.0
2161,00055,6.0
2162,00057,6.0
2163,00059,6.0
2164,00061,6.0
2165,00063,6.0
2166,00065,5.0
2167,00067,6.0
2168,00069,6.0
2169,00071,5.0
2170,00073,6.0
2171,00075,6.0
2172,00077,6.0
2173,00079,3.0
2174,00081,2.0
2175,00083,2.0
2176,00085,6.0
2177,00087,2.0
2178,00089,6.0
2179,00091,6.0
2180,00093,6.0
2181,00095,6.0
2182,00097,6.0
2183,00099,6.0
2184,00001,5.0
2185,00003,6.0
2186,00005,6.0
2187,00007,6.0
2188,00009,1.0
2189,00111,3.0
2190,00113,3.0
2191,00115,5.0
2192,00117,3.0
2193,00119,5.0
2194,00121,5.0
2195,00123,5.0
2196,00125,5.0
2197,00127,6.0
2198,00129,6.0
2199,00131,3.0
2200,00133,6.0
2201,00135,3.0
2202,00137,5.0
2203,00139,5.0
2204,00141,6.0
2205,00143,3.0
2206,00145,3.0
2207,00147,5.0
2208,00149,6.0
2209,00151,6.0
2210,00153,5.0
2211,41001,6.0
2212,41003,4.0
2213,41005,2.0
2214,41007,5.0
2215,41009,2.0
2216,41011,5.0
2217,41013,5.0
2218,41015,5.0
2219,41017,4.0
2220,41019,5.0
2221,41021,6.0
2222,41023,6.0
2223,41025,6.0
2224,41027,5.0
2225,41029,4.0
2226,41031,6.0
2227,41033,4.0
2228,41035,5.0
2229,41037,6.0
2230,41039,3.0
2231,41041,5.0
2232,41043,4.0
2233,41045,5.0
2234,41047,3.0
2235,41049,5.0
2236,41051,1.0
2237,41053,3.0
2238,41055,6.0
2239,41057,6.0
2240,41059,5.0
2241,41061,5.0
2242,41063,6.0
2243,41065,5.0
2244,41067,2.0
2245,41069,6.0
2246,41071,2.0
2247,42001,4.0
2248,42003,1.0
2249,42005,2.0
2250,42007,2.0
2251,42009,6.0
2252,42011,3.0
2253,42013,4.0
2254,42015,5.0
2255,42017,2.0
2256,42019,2.0
2257,42021,4.0
2258,42023,6.0
2259,42025,3.0
2260,42027,4.0
2261,42029,2.0
2262,42031,6.0
2263,42033,5.0
2264,42035,5.0
2265,42037,4.0
2266,42039,5.0
2267,42041,3.0
2268,42043,3.0
2269,42045,2.0
2270,42047,6.0
2271,42049,3.0
2272,42051,2.0
2273,42053,6.0
2274,42055,4.0
2275,42057,6.0
2276,42059,6.0
2277,42061,5.0
2278,42063,5.0
2279,42065,6.0
2280,42067,6.0
2281,42069,3.0
2282,42071,3.0
2283,42073,5.0
2284,42075,4.0
2285,42077,3.0
2286,42079,3.0
2287,42081,4.0
2288,42083,5.0
2289,42085,3.0
2290,42087,5.0
2291,42089,4.0
2292,42091,2.0
2293,42093,4.0
2294,42095,3.0
2295,42097,5.0
2296,42099,3.0
2297,42001,1.0
2298,42003,2.0
2299,42005,6.0
2300,42007,5.0
2301,42009,5.0
2302,42111,5.0
2303,42113,6.0
2304,42115,6.0
2305,42117,6.0
2306,42119,5.0
2307,42121,5.0
2308,42123,5.0
2309,42125,2.0
2310,42127,6.0
2311,42129,2.0
2312,42131,3.0
2313,42133,3.0
2314,44001,2.0
2315,44003,2.0
2316,44005,2.0
2317,44007,1.0
2318,44009,2.0
2319,45001,5.0
2320,45003,3.0
2321,45005,6.0
2322,45007,3.0
2323,45009,6.0
2324,45011,6.0
2325,45013,4.0
2326,45015,3.0
2327,45017,3.0
2328,45019,3.0
2329,45021,5.0
2330,45023,2.0
2331,45025,6.0
2332,45027,6.0
2333,45029,6.0
2334,45031,4.0
2335,45033,6.0
2336,45035,3.0
2337,45037,3.0
2338,45039,3.0
2339,45041,4.0
2340,45043,5.0
2341,45045,3.0
2342,45047,5.0
2343,45049,6.0
2344,45051,3.0
2345,45053,4.0
2346,45055,3.0
2347,45057,2.0
2348,45059,3.0
2349,45061,6.0
2350,45063,3.0
2351,45065,6.0
2352,45067,6.0
2353,45069,5.0
2354,45071,5.0
2355,45073,5.0
2356,45075,5.0
2357,45077,3.0
2358,45079,3.0
2359,45081,3.0
2360,45083,3.0
2361,45085,4.0
2362,45087,3.0
2363,45089,6.0
2364,45091,2.0
2365,46003,6.0
2366,46005,5.0
2367,46007,6.0
2368,46009,6.0
2369,46011,5.0
2370,46013,5.0
2371,46015,6.0
2372,46017,6.0
2373,46019,6.0
2374,46021,6.0
2375,46023,6.0
2376,46025,6.0
2377,46027,5.0
2378,46029,5.0
2379,46031,6.0
2380,46033,4.0
2381,46035,5.0
2382,46037,6.0
2383,46039,6.0
2384,46041,6.0
2385,46043,6.0
2386,46045,5.0
2387,46047,6.0
2388,46049,6.0
2389,46051,6.0
2390,46053,6.0
2391,46055,6.0
2392,46057,6.0
2393,46059,6.0
2394,46061,5.0
2395,46063,6.0
2396,46065,5.0
2397,46067,6.0
2398,46069,6.0
2399,46071,6.0
2400,46073,6.0
2401,46075,6.0
2402,46077,6.0
2403,46079,6.0
2404,46081,5.0
2405,46083,4.0
2406,46085,6.0
2407,46087,4.0
2408,46089,6.0
2409,46091,6.0
2410,46093,4.0
2411,46095,6.0
2412,46097,6.0
2413,46099,4.0
2414,46001,6.0
2415,46003,4.0
2416,46005,6.0
2417,46007,6.0
2418,46009,6.0
2419,46111,6.0
2420,46113,6.0
2421,46115,6.0
2422,46117,5.0
2423,46119,5.0
2424,46121,6.0
2425,46123,6.0
2426,46125,4.0
2427,46127,4.0
2428,46129,6.0
2429,46135,5.0
2430,46137,6.0
2431,47001,3.0
2432,47003,5.0
2433,47005,6.0
2434,47007,6.0
2435,47009,3.0
2436,47011,4.0
2437,47013,3.0
2438,47015,2.0
2439,47017,6.0
2440,47019,4.0
2441,47021,2.0
2442,47023,4.0
2443,47025,6.0
2444,47027,6.0
2445,47029,5.0
2446,47031,5.0
2447,47033,4.0
2448,47035,5.0
2449,47037,1.0
2450,47039,6.0
2451,47041,6.0
2452,47043,2.0
2453,47045,5.0
2454,47047,2.0
2455,47049,6.0
2456,47051,5.0
2457,47053,6.0
2458,47055,6.0
2459,47057,3.0
2460,47059,5.0
2461,47061,6.0
2462,47063,4.0
2463,47065,3.0
2464,47067,6.0
2465,47069,6.0
2466,47071,6.0
2467,47073,3.0
2468,47075,6.0
2469,47077,6.0
2470,47079,5.0
2471,47081,2.0
2472,47083,6.0
2473,47085,6.0
2474,47087,5.0
2475,47089,4.0
2476,47091,6.0
2477,47093,3.0
2478,47095,6.0
2479,47097,6.0
2480,47099,5.0
2481,47001,6.0
2482,47003,6.0
2483,47005,3.0
2484,47007,5.0
2485,47009,6.0
2486,47111,2.0
2487,47113,4.0
2488,47115,3.0
2489,47117,5.0
2490,47119,2.0
2491,47121,6.0
2492,47123,6.0
2493,47125,3.0
2494,47127,5.0
2495,47129,3.0
2496,47131,5.0
2497,47133,5.0
2498,47135,6.0
2499,47137,6.0
2500,47139,4.0
2501,47141,5.0
2502,47143,5.0
2503,47145,3.0
2504,47147,2.0
2505,47149,2.0
2506,47151,6.0
2507,47153,3.0
2508,47155,5.0
2509,47157,1.0
2510,47159,2.0
2511,47161,6.0
2512,47163,3.0
2513,47165,2.0
2514,47167,2.0
2515,47169,2.0
2516,47171,4.0
2517,47173,3.0
2518,47175,6.0
2519,47177,5.0
2520,47179,4.0
2521,47181,6.0
2522,47183,5.0
2523,47185,6.0
2524,47187,2.0
2525,47189,2.0
2526,48001,5.0
2527,48003,5.0
2528,48005,5.0
2529,48007,3.0
2530,48009,4.0
2531,48011,3.0
2532,48013,2.0
2533,48015,2.0
2534,48017,6.0
2535,48019,2.0
2536,48021,2.0
2537,48023,6.0
2538,48025,5.0
2539,48027,3.0
2540,48029,1.0
2541,48031,6.0
2542,48033,6.0
2543,48035,6.0
2544,48037,4.0
2545,48039,2.0
2546,48041,4.0
2547,48043,6.0
2548,48045,6.0
2549,48047,6.0
2550,48049,5.0
2551,48051,4.0
2552,48053,6.0
2553,48055,2.0
2554,48057,5.0
2555,48059,4.0
2556,48061,3.0
2557,48063,6.0
2558,48065,3.0
2559,48067,6.0
2560,48069,6.0
2561,48071,2.0
2562,48073,5.0
2563,48075,6.0
2564,48077,4.0
2565,48079,6.0
2566,48081,6.0
2567,48083,6.0
2568,48085,1.0
2569,48087,6.0
2570,48089,6.0
2571,48091,2.0
2572,48093,6.0
2573,48095,6.0
2574,48097,5.0
2575,48099,3.0
2576,48001,6.0
2577,48003,6.0
2578,48005,6.0
2579,48007,3.0
2580,48009,6.0
2581,48111,6.0
2582,48113,1.0
2583,48115,5.0
2584,48117,5.0
2585,48119,6.0
2586,48121,2.0
2587,48123,6.0
2588,48125,6.0
2589,48127,6.0
2590,48129,6.0
2591,48131,6.0
2592,48133,6.0
2593,48135,4.0
2594,48137,6.0
2595,48139,2.0
2596,48141,3.0
2597,48143,5.0
2598,48145,3.0
2599,48147,6.0
2600,48149,6.0
2601,48151,6.0
2602,48153,6.0
2603,48155,6.0
2604,48157,2.0
2605,48159,6.0
2606,48161,6.0
2607,48163,6.0
2608,48165,6.0
2609,48167,2.0
2610,48169,6.0
2611,48171,5.0
2612,48173,5.0
2613,48175,4.0
2614,48177,6.0
2615,48179,5.0
2616,48181,4.0
2617,48183,4.0
2618,48185,6.0
2619,48187,2.0
2620,48189,5.0
2621,48191,6.0
2622,48193,6.0
2623,48195,6.0
2624,48197,6.0
2625,48199,3.0
2626,48001,1.0
2627,48003,5.0
2628,48005,6.0
2629,48007,6.0
2630,48009,2.0
2631,48211,6.0
2632,48213,5.0
2633,48215,3.0
2634,48217,6.0
2635,48219,5.0
2636,48221,2.0
2637,48223,5.0
2638,48225,6.0
2639,48227,5.0
2640,48229,3.0
2641,48231,2.0
2642,48233,5.0
2643,48235,4.0
2644,48237,6.0
2645,48239,6.0
2646,48241,6.0
2647,48243,6.0
2648,48245,3.0
2649,48247,6.0
2650,48249,5.0
2651,48251,2.0
2652,48253,4.0
2653,48255,6.0
2654,48257,2.0
2655,48259,2.0
2656,48261,5.0
2657,48263,6.0
2658,48265,5.0
2659,48267,6.0
2660,48269,6.0
2661,48271,6.0
2662,48273,5.0
2663,48275,6.0
2664,48277,5.0
2665,48279,6.0
2666,48281,3.0
2667,48283,6.0
2668,48285,6.0
2669,48287,6.0
2670,48289,6.0
2671,48291,2.0
2672,48293,6.0
2673,48295,6.0
2674,48297,6.0
2675,48299,6.0
2676,48001,6.0
2677,48003,3.0
2678,48005,3.0
2679,48007,6.0
2680,48009,3.0
2681,48311,6.0
2682,48313,6.0
2683,48315,6.0
2684,48317,4.0
2685,48319,6.0
2686,48321,5.0
2687,48323,5.0
2688,48325,2.0
2689,48327,6.0
2690,48329,4.0
2691,48331,6.0
2692,48333,6.0
2693,48335,6.0
2694,48337,6.0
2695,48339,2.0
2696,48341,5.0
2697,48343,6.0
2698,48345,6.0
2699,48347,5.0
2700,48349,5.0
2701,48351,3.0
2702,48353,5.0
2703,48355,3.0
2704,48357,6.0
2705,48359,3.0
2706,48361,3.0
2707,48363,5.0
2708,48365,6.0
2709,48367,2.0
2710,48369,6.0
2711,48371,6.0
2712,48373,6.0
2713,48375,3.0
2714,48377,6.0
2715,48379,6.0
2716,48381,3.0
2717,48383,6.0
2718,48385,6.0
2719,48387,6.0
2720,48389,5.0
2721,48391,6.0
2722,48393,6.0
2723,48395,4.0
2724,48397,2.0
2725,48399,6.0
2726,48001,4.0
2727,48003,6.0
2728,48005,6.0
2729,48007,6.0
2730,48009,3.0
2731,48411,6.0
2732,48413,6.0
2733,48415,5.0
2734,48417,6.0
2735,48419,6.0
2736,48421,6.0
2737,48423,4.0
2738,48425,2.0
2739,48427,5.0
2740,48429,6.0
2741,48431,6.0
2742,48433,6.0
2743,48435,6.0
2744,48437,6.0
2745,48439,1.0
2746,48441,4.0
2747,48443,6.0
2748,48445,6.0
2749,48447,6.0
2750,48449,5.0
2751,48451,4.0
2752,48453,1.0
2753,48455,5.0
2754,48457,6.0
2755,48459,4.0
2756,48461,6.0
2757,48463,5.0
2758,48465,5.0
2759,48467,6.0
2760,48469,4.0
2761,48471,5.0
2762,48473,2.0
2763,48475,6.0
2764,48477,5.0
2765,48479,3.0
2766,48481,5.0
2767,48483,6.0
2768,48485,4.0
2769,48487,5.0
2770,48489,5.0
2771,48491,2.0
2772,48493,2.0
2773,48495,6.0
2774,48497,2.0
2775,48499,6.0
2776,48001,6.0
2777,48003,6.0
2778,48005,5.0
2779,48007,6.0
2780,49001,6.0
2781,49003,3.0
2782,49005,4.0
2783,49007,5.0
2784,49009,6.0
2785,49011,3.0
2786,49013,6.0
2787,49015,6.0
2788,49017,6.0
2789,49019,6.0
2790,49021,5.0
2791,49023,3.0
2792,49025,6.0
2793,49027,6.0
2794,49029,3.0
2795,49031,6.0
2796,49033,6.0
2797,49035,1.0
2798,49037,6.0
2799,49039,6.0
2800,49041,6.0
2801,49043,5.0
2802,49045,2.0
2803,49047,5.0
2804,49049,3.0
2805,49051,5.0
2806,49053,4.0
2807,49055,6.0
2808,49057,3.0
2809,00001,6.0
2810,00003,5.0
2811,00005,6.0
2812,00007,4.0
2813,00009,5.0
2814,00011,4.0
2815,00013,4.0
2816,00015,6.0
2817,00017,5.0
2818,00019,6.0
2819,00021,5.0
2820,00023,5.0
2821,00025,6.0
2822,00027,5.0
2823,51001,6.0
2824,51003,4.0
2825,51005,6.0
2826,51007,2.0
2827,51009,3.0
2828,51011,3.0
2829,51013,1.0
2830,51015,4.0
2831,51017,6.0
2832,51019,3.0
2833,51021,6.0
2834,51023,3.0
2835,51025,6.0
2836,51027,6.0
2837,51029,4.0
2838,51031,3.0
2839,51033,2.0
2840,51035,6.0
2841,51036,2.0
2842,51037,6.0
2843,51041,2.0
2844,51043,2.0
2845,51045,3.0
2846,51047,2.0
2847,51049,6.0
2848,51051,5.0
2849,51053,2.0
2850,51057,6.0
2851,51059,2.0
2852,51061,2.0
2853,51063,4.0
2854,51065,4.0
2855,51067,3.0
2856,51069,4.0
2857,51071,4.0
2858,51073,2.0
2859,51075,2.0
2860,51077,6.0
2861,51079,4.0
2862,51081,6.0
2863,51083,6.0
2864,51085,2.0
2865,51087,2.0
2866,51089,5.0
2867,51091,6.0
2868,51093,2.0
2869,51095,2.0
2870,51097,6.0
2871,51099,6.0
2872,51001,2.0
2873,51003,6.0
2874,51005,6.0
2875,51007,2.0
2876,51009,6.0
2877,51111,6.0
2878,51113,6.0
2879,51115,2.0
2880,51117,6.0
2881,51119,6.0
2882,51121,4.0
2883,51125,4.0
2884,51127,2.0
2885,51131,6.0
2886,51133,6.0
2887,51135,6.0
2888,51137,6.0
2889,51139,6.0
2890,51141,6.0
2891,51143,5.0
2892,51145,2.0
2893,51147,6.0
2894,51149,2.0
2895,51153,2.0
2896,51155,4.0
2897,51157,2.0
2898,51159,6.0
2899,51161,3.0
2900,51163,6.0
2901,51165,4.0
2902,51167,6.0
2903,51169,3.0
2904,51171,6.0
2905,51173,6.0
2906,51175,6.0
2907,51177,2.0
2908,51179,2.0
2909,51181,6.0
2910,51183,2.0
2911,51185,5.0
2912,51187,2.0
2913,51191,3.0
2914,51193,6.0
2915,51195,5.0
2916,51197,6.0
2917,51199,2.0
2918,51005,1.0
2919,51515,3.0
2920,51005,3.0
2921,51005,6.0
2922,51005,4.0
2923,51005,2.0
2924,51005,6.0
2925,51005,2.0
2926,51005,6.0
2927,51005,5.0
2928,51595,6.0
2929,51000,2.0
2930,51006,2.0
2931,51006,6.0
2932,51006,2.0
2933,51006,6.0
2934,51006,2.0
2935,51006,4.0
2936,51006,2.0
2937,51678,6.0
2938,51006,3.0
2939,51683,2.0
2940,51685,2.0
2941,51006,5.0
2942,51000,2.0
2943,51007,1.0
2944,51007,5.0
2945,51007,2.0
2946,51735,2.0
2947,51007,2.0
2948,51007,4.0
2949,51007,1.0
2950,51007,3.0
2951,51775,3.0
2952,51007,4.0
2953,51000,2.0
2954,51008,1.0
2955,51008,4.0
2956,51008,2.0
2957,51008,4.0
2958,53001,5.0
2959,53003,4.0
2960,53005,3.0
2961,53007,4.0
2962,53009,5.0
2963,53011,2.0
2964,53013,4.0
2965,53015,4.0
2966,53017,4.0
2967,53019,6.0
2968,53021,3.0
2969,53023,6.0
2970,53025,5.0
2971,53027,5.0
2972,53029,5.0
2973,53031,6.0
2974,53033,1.0
2975,53035,3.0
2976,53037,5.0
2977,53039,6.0
2978,53041,5.0
2979,53043,6.0
2980,53045,5.0
2981,53047,6.0
2982,53049,6.0
2983,53051,3.0
2984,53053,2.0
2985,53055,6.0
2986,53057,4.0
2987,53059,2.0
2988,53061,2.0
2989,53063,3.0
2990,53065,3.0
2991,53067,3.0
2992,53069,6.0
2993,53071,4.0
2994,53073,4.0
2995,53075,5.0
2996,53077,4.0
2997,54001,6.0
2998,54003,3.0
2999,54005,4.0
3000,54007,6.0
3001,54009,4.0
3002,54011,3.0
3003,54013,6.0
3004,54015,4.0
3005,54017,5.0
3006,54019,4.0
3007,54021,6.0
3008,54023,6.0
3009,54025,6.0
3010,54027,4.0
3011,54029,4.0
3012,54031,6.0
3013,54033,5.0
3014,54035,6.0
3015,54037,2.0
3016,54039,4.0
3017,54041,6.0
3018,54043,3.0
3019,54045,5.0
3020,54047,6.0
3021,54049,5.0
3022,54051,4.0
3023,54053,5.0
3024,54055,5.0
3025,54057,4.0
3026,54059,6.0
3027,54061,4.0
3028,54063,6.0
3029,54065,6.0
3030,54067,6.0
3031,54069,4.0
3032,54071,6.0
3033,54073,6.0
3034,54075,6.0
3035,54077,4.0
3036,54079,3.0
3037,54081,4.0
3038,54083,5.0
3039,54085,6.0
3040,54087,6.0
3041,54089,6.0
3042,54091,5.0
3043,54093,6.0
3044,54095,6.0
3045,54097,6.0
3046,54099,3.0
3047,54001,6.0
3048,54003,6.0
3049,54005,4.0
3050,54007,4.0
3051,54009,6.0
3052,55001,6.0
3053,55003,6.0
3054,55005,6.0
3055,55007,6.0
3056,55009,3.0
3057,55011,6.0
3058,55013,6.0
3059,55015,4.0
3060,55017,4.0
3061,55019,6.0
3062,55021,3.0
3063,55023,6.0
3064,55025,3.0
3065,55027,5.0
3066,55029,6.0
3067,55031,3.0
3068,55033,5.0
3069,55035,4.0
3070,55037,5.0
3071,55039,4.0
3072,55041,6.0
3073,55043,5.0
3074,55045,3.0
3075,55047,6.0
3076,55049,3.0
3077,55051,6.0
3078,55053,6.0
3079,55055,5.0
3080,55057,6.0
3081,55059,2.0
3082,55061,3.0
3083,55063,4.0
3084,55065,6.0
3085,55067,6.0
3086,55069,5.0
3087,55071,5.0
3088,55073,4.0
3089,55075,5.0
3090,55077,6.0
3091,55078,5.0
3092,55079,1.0
3093,55081,6.0
3094,55083,3.0
3095,55085,6.0
3096,55087,4.0
3097,55089,2.0
3098,55091,6.0
3099,55093,2.0
3100,55095,6.0
3101,55097,5.0
3102,55099,6.0
3103,55001,4.0
3104,55003,6.0
3105,55005,4.0
3106,55007,6.0
3107,55009,2.0
3108,55111,5.0
3109,55113,6.0
3110,55115,5.0
3111,55117,4.0
3112,55119,6.0
3113,55121,6.0
3114,55123,6.0
3115,55125,6.0
3116,55127,5.0
3117,55129,6.0
3118,55131,2.0
3119,55133,2.0
3120,55135,6.0
3121,55137,6.0
3122,55139,4.0
3123,55141,5.0
3124,56001,5.0
3125,56003,6.0
3126,56005,5.0
3127,56007,6.0
3128,56009,6.0
3129,56011,6.0
3130,56013,5.0
3131,56015,6.0
3132,56017,6.0
3133,56019,6.0
3134,56021,4.0
3135,56023,6.0
3136,56025,4.0
3137,56027,6.0
3138,56029,6.0
3139,56031,6.0
3140,56033,5.0
3141,56035,6.0
3142,56037,5.0
3143,56039,5.0
3144,56041,5.0
3145,56043,6.0
3146,56045,6.0
